<?xml version="1.0" encoding="UTF-8"?><rss version="2.0"
	xmlns:content="http://purl.org/rss/1.0/modules/content/"
	xmlns:wfw="http://wellformedweb.org/CommentAPI/"
	xmlns:dc="http://purl.org/dc/elements/1.1/"
	xmlns:atom="http://www.w3.org/2005/Atom"
	xmlns:sy="http://purl.org/rss/1.0/modules/syndication/"
	xmlns:slash="http://purl.org/rss/1.0/modules/slash/"
	>

<channel>
	<title>Prodotti &#8211; fornace</title>
	<atom:link href="/shop-wooshop-v1/feed/" rel="self" type="application/rss+xml" />
	<link>/</link>
	<description></description>
	<lastBuildDate>Fri, 24 Mar 2023 16:48:10 +0000</lastBuildDate>
	<language>it-IT</language>
	<sy:updatePeriod>
	hourly	</sy:updatePeriod>
	<sy:updateFrequency>
	1	</sy:updateFrequency>
	<generator>https://wordpress.org/?v=6.2</generator>
	<item>
		<title>Crostate di fragole 650 gr</title>
		<link>/prodotto/crostate-di-fragole-650-gr/</link>
					<comments>/prodotto/crostate-di-fragole-650-gr/#respond</comments>
		
		<dc:creator><![CDATA[zidane]]></dc:creator>
		<pubDate>Fri, 24 Mar 2023 14:47:24 +0000</pubDate>
				<guid isPermaLink="false">/?post_type=product#038;p=2158</guid>

					<description><![CDATA[Realizzata ogni giorno dai ragazzi della nostra panetteria, viene preparata utilizzando solo ingredienti selezionati con attenzione e successivamente impastata con cura per ottenere un prodotto che ricorda le torte preparate dalle nonne di una volta.]]></description>
										<content:encoded><![CDATA[Realizzata ogni giorno dai ragazzi della nostra panetteria, viene preparata utilizzando solo ingredienti selezionati con attenzione e successivamente impastata con cura per ottenere un prodotto che ricorda le torte preparate dalle nonne di una volta.]]></content:encoded>
					
					<wfw:commentRss>/prodotto/crostate-di-fragole-650-gr/feed/</wfw:commentRss>
			<slash:comments>0</slash:comments>
		
		
			</item>
		<item>
		<title>Casatiello 1 kg</title>
		<link>/prodotto/casatiello-1-kg/</link>
					<comments>/prodotto/casatiello-1-kg/#comments</comments>
		
		<dc:creator><![CDATA[zidane]]></dc:creator>
		<pubDate>Fri, 24 Mar 2023 14:45:26 +0000</pubDate>
				<guid isPermaLink="false">/?post_type=product#038;p=2156</guid>

					<description><![CDATA[Il <strong>casatiello</strong> de La Panetteria di Eataly è una torta salata tipica della cucina napoletana. Rustica e corposa ha un impasto ricco a base di uova, salame, Parmigiano Reggiano DOP e Pecorino. Viene preparata ogni giorno nella nostra Panetteria secondo la ricetta tradizionale.]]></description>
										<content:encoded><![CDATA[Il <strong>casatiello</strong> de La Panetteria di Eataly è una torta salata tipica della cucina napoletana. Rustica e corposa ha un impasto ricco a base di uova, salame, Parmigiano Reggiano DOP e Pecorino. Viene preparata ogni giorno nella nostra Panetteria secondo la ricetta tradizionale.]]></content:encoded>
					
					<wfw:commentRss>/prodotto/casatiello-1-kg/feed/</wfw:commentRss>
			<slash:comments>1</slash:comments>
		
		
			</item>
		<item>
		<title>Torta alle mele 550 g</title>
		<link>/prodotto/torta-alle-mele-550-g/</link>
					<comments>/prodotto/torta-alle-mele-550-g/#respond</comments>
		
		<dc:creator><![CDATA[zidane]]></dc:creator>
		<pubDate>Fri, 24 Mar 2023 14:43:24 +0000</pubDate>
				<guid isPermaLink="false">/?post_type=product#038;p=2154</guid>

					<description><![CDATA[]]></description>
										<content:encoded><![CDATA[]]></content:encoded>
					
					<wfw:commentRss>/prodotto/torta-alle-mele-550-g/feed/</wfw:commentRss>
			<slash:comments>0</slash:comments>
		
		
			</item>
		<item>
		<title>focaccia margherita 180 gr</title>
		<link>/prodotto/focaccia-margherita-180-gr/</link>
					<comments>/prodotto/focaccia-margherita-180-gr/#respond</comments>
		
		<dc:creator><![CDATA[zidane]]></dc:creator>
		<pubDate>Fri, 24 Mar 2023 14:37:43 +0000</pubDate>
				<guid isPermaLink="false">/?post_type=product#038;p=2152</guid>

					<description><![CDATA[]]></description>
										<content:encoded><![CDATA[]]></content:encoded>
					
					<wfw:commentRss>/prodotto/focaccia-margherita-180-gr/feed/</wfw:commentRss>
			<slash:comments>0</slash:comments>
		
		
			</item>
		<item>
		<title>Focaccia barese 530 g</title>
		<link>/prodotto/focaccia-barese-530-g/</link>
					<comments>/prodotto/focaccia-barese-530-g/#respond</comments>
		
		<dc:creator><![CDATA[zidane]]></dc:creator>
		<pubDate>Fri, 24 Mar 2023 14:35:05 +0000</pubDate>
				<guid isPermaLink="false">/?post_type=product#038;p=2150</guid>

					<description><![CDATA[<strong>Focaccia Barese de La Panetteria di Eataly</strong>: la focaccia barese è diventata un simbolo della Puglia e del Made in Italy in tutto il mondo.

Quella di Eataly nasce secondo la ricetta originale e il risultato lo dimostra: saporita, croccante ai bordi e soffice al centro e ricoperta di pomodori.]]></description>
										<content:encoded><![CDATA[<strong>Focaccia Barese de La Panetteria di Eataly</strong>: la focaccia barese è diventata un simbolo della Puglia e del Made in Italy in tutto il mondo.

Quella di Eataly nasce secondo la ricetta originale e il risultato lo dimostra: saporita, croccante ai bordi e soffice al centro e ricoperta di pomodori.]]></content:encoded>
					
					<wfw:commentRss>/prodotto/focaccia-barese-530-g/feed/</wfw:commentRss>
			<slash:comments>0</slash:comments>
		
		
			</item>
		<item>
		<title>focaccia romana bianca 300 gr</title>
		<link>/prodotto/focaccia-romana-bianca-300-gr/</link>
					<comments>/prodotto/focaccia-romana-bianca-300-gr/#respond</comments>
		
		<dc:creator><![CDATA[zidane]]></dc:creator>
		<pubDate>Fri, 24 Mar 2023 14:27:11 +0000</pubDate>
				<guid isPermaLink="false">/?post_type=product#038;p=2148</guid>

					<description><![CDATA[Una vera e propria tipologia di pizza che non si riferisce agli ingredienti con cui è farcita ma alla consistenza. È infatti sottilissima e particolarmente croccante.]]></description>
										<content:encoded><![CDATA[Una vera e propria tipologia di pizza che non si riferisce agli ingredienti con cui è farcita ma alla consistenza. È infatti sottilissima e particolarmente croccante.]]></content:encoded>
					
					<wfw:commentRss>/prodotto/focaccia-romana-bianca-300-gr/feed/</wfw:commentRss>
			<slash:comments>0</slash:comments>
		
		
			</item>
		<item>
		<title>Baguette 350 gr</title>
		<link>/prodotto/baguette-350-gr/</link>
					<comments>/prodotto/baguette-350-gr/#respond</comments>
		
		<dc:creator><![CDATA[zidane]]></dc:creator>
		<pubDate>Fri, 24 Mar 2023 14:18:26 +0000</pubDate>
				<guid isPermaLink="false">/?post_type=product#038;p=2146</guid>

					<description><![CDATA[<strong>La Baguette de La Panetteria della fornace</strong>, nasce dalla tradizione francese, ma è impastata a mano e sfornata in Italia dalle mani dei nostri panettieri tutti i giorni.]]></description>
										<content:encoded><![CDATA[<strong>La Baguette de La Panetteria della fornace</strong>, nasce dalla tradizione francese, ma è impastata a mano e sfornata in Italia dalle mani dei nostri panettieri tutti i giorni.]]></content:encoded>
					
					<wfw:commentRss>/prodotto/baguette-350-gr/feed/</wfw:commentRss>
			<slash:comments>0</slash:comments>
		
		
			</item>
		<item>
		<title>Pane al farro 450 g</title>
		<link>/prodotto/pane-al-farro-450-g/</link>
					<comments>/prodotto/pane-al-farro-450-g/#respond</comments>
		
		<dc:creator><![CDATA[zidane]]></dc:creator>
		<pubDate>Fri, 24 Mar 2023 14:15:52 +0000</pubDate>
				<guid isPermaLink="false">/?post_type=product#038;p=2144</guid>

					<description><![CDATA[]]></description>
										<content:encoded><![CDATA[]]></content:encoded>
					
					<wfw:commentRss>/prodotto/pane-al-farro-450-g/feed/</wfw:commentRss>
			<slash:comments>0</slash:comments>
		
		
			</item>
		<item>
		<title>Ciabatta 300 gr</title>
		<link>/prodotto/ciabatta-300-gr/</link>
					<comments>/prodotto/ciabatta-300-gr/#respond</comments>
		
		<dc:creator><![CDATA[zidane]]></dc:creator>
		<pubDate>Fri, 24 Mar 2023 14:08:32 +0000</pubDate>
				<guid isPermaLink="false">/?post_type=product#038;p=2142</guid>

					<description><![CDATA[Questo pane profumato è caratterizzato da un impasto molto idratato che rende la mollica particolarmente alveolata e morbida all'interno.]]></description>
										<content:encoded><![CDATA[Questo pane profumato è caratterizzato da un impasto molto idratato che rende la mollica particolarmente alveolata e morbida all'interno.]]></content:encoded>
					
					<wfw:commentRss>/prodotto/ciabatta-300-gr/feed/</wfw:commentRss>
			<slash:comments>0</slash:comments>
		
		
			</item>
		<item>
		<title>Rosetta</title>
		<link>/prodotto/rosetta/</link>
					<comments>/prodotto/rosetta/#respond</comments>
		
		<dc:creator><![CDATA[zidane]]></dc:creator>
		<pubDate>Fri, 24 Mar 2023 01:49:33 +0000</pubDate>
				<guid isPermaLink="false">/?post_type=product#038;p=20</guid>

					<description><![CDATA[Classica rosetta italiana]]></description>
										<content:encoded><![CDATA[<p>La rosetta è un tipo di pane italiano a forma di rosa, caratterizzato da una crosta croccante e una mollica soffice e porosa. È preparata con farina, acqua, lievito, sale e spesso viene arricchita con semi di sesamo o papavero. La forma particolare della rosetta le permette di essere farcita e utilizzata come base per preparare panini e sandwich</p>
]]></content:encoded>
					
					<wfw:commentRss>/prodotto/rosetta/feed/</wfw:commentRss>
			<slash:comments>0</slash:comments>
		
		
			</item>
	</channel>
</rss>
