<?xml version="1.0" encoding="UTF-8"?><rss version="2.0"
	xmlns:content="http://purl.org/rss/1.0/modules/content/"
	xmlns:dc="http://purl.org/dc/elements/1.1/"
	xmlns:atom="http://www.w3.org/2005/Atom"
	xmlns:sy="http://purl.org/rss/1.0/modules/syndication/"
	
	>
<channel>
	<title>
	Commenti per fornace	</title>
	<atom:link href="/comments/feed/" rel="self" type="application/rss+xml" />
	<link>/</link>
	<description></description>
	<lastBuildDate>Fri, 24 Mar 2023 16:48:10 +0000</lastBuildDate>
	<sy:updatePeriod>
	hourly	</sy:updatePeriod>
	<sy:updateFrequency>
	1	</sy:updateFrequency>
	<generator>https://wordpress.org/?v=6.2</generator>
	<item>
		<title>
		Commenti su Casatiello 1 kg di zidane		</title>
		<link>/prodotto/casatiello-1-kg/#comment-25</link>

		<dc:creator><![CDATA[zidane]]></dc:creator>
		<pubDate>Fri, 24 Mar 2023 16:48:10 +0000</pubDate>
		<guid isPermaLink="false">/?post_type=product#038;p=2156#comment-25</guid>

					<description><![CDATA[Il casatiello più buono d&#039;Italia]]></description>
			<content:encoded><![CDATA[<p>Il casatiello più buono d&#8217;Italia</p>
]]></content:encoded>
		
			</item>
	</channel>
</rss>
