<?xml version="1.0" encoding="UTF-8"?><rss version="2.0"
	xmlns:content="http://purl.org/rss/1.0/modules/content/"
	xmlns:wfw="http://wellformedweb.org/CommentAPI/"
	xmlns:dc="http://purl.org/dc/elements/1.1/"
	xmlns:atom="http://www.w3.org/2005/Atom"
	xmlns:sy="http://purl.org/rss/1.0/modules/syndication/"
	xmlns:slash="http://purl.org/rss/1.0/modules/slash/"
	>

<channel>
	<title>Torte e crostate &#8211; fornace</title>
	<atom:link href="/categoria-prodotto/torte-e-crostate/feed/" rel="self" type="application/rss+xml" />
	<link>/</link>
	<description></description>
	<lastBuildDate>Fri, 24 Mar 2023 16:48:10 +0000</lastBuildDate>
	<language>it-IT</language>
	<sy:updatePeriod>
	hourly	</sy:updatePeriod>
	<sy:updateFrequency>
	1	</sy:updateFrequency>
	<generator>https://wordpress.org/?v=6.2</generator>
	<item>
		<title>Crostate di fragole 650 gr</title>
		<link>/prodotto/crostate-di-fragole-650-gr/</link>
					<comments>/prodotto/crostate-di-fragole-650-gr/#respond</comments>
		
		<dc:creator><![CDATA[zidane]]></dc:creator>
		<pubDate>Fri, 24 Mar 2023 14:47:24 +0000</pubDate>
				<guid isPermaLink="false">/?post_type=product#038;p=2158</guid>

					<description><![CDATA[Realizzata ogni giorno dai ragazzi della nostra panetteria, viene preparata utilizzando solo ingredienti selezionati con attenzione e successivamente impastata con cura per ottenere un prodotto che ricorda le torte preparate dalle nonne di una volta.]]></description>
										<content:encoded><![CDATA[Realizzata ogni giorno dai ragazzi della nostra panetteria, viene preparata utilizzando solo ingredienti selezionati con attenzione e successivamente impastata con cura per ottenere un prodotto che ricorda le torte preparate dalle nonne di una volta.]]></content:encoded>
					
					<wfw:commentRss>/prodotto/crostate-di-fragole-650-gr/feed/</wfw:commentRss>
			<slash:comments>0</slash:comments>
		
		
			</item>
		<item>
		<title>Casatiello 1 kg</title>
		<link>/prodotto/casatiello-1-kg/</link>
					<comments>/prodotto/casatiello-1-kg/#comments</comments>
		
		<dc:creator><![CDATA[zidane]]></dc:creator>
		<pubDate>Fri, 24 Mar 2023 14:45:26 +0000</pubDate>
				<guid isPermaLink="false">/?post_type=product#038;p=2156</guid>

					<description><![CDATA[Il <strong>casatiello</strong> de La Panetteria di Eataly è una torta salata tipica della cucina napoletana. Rustica e corposa ha un impasto ricco a base di uova, salame, Parmigiano Reggiano DOP e Pecorino. Viene preparata ogni giorno nella nostra Panetteria secondo la ricetta tradizionale.]]></description>
										<content:encoded><![CDATA[Il <strong>casatiello</strong> de La Panetteria di Eataly è una torta salata tipica della cucina napoletana. Rustica e corposa ha un impasto ricco a base di uova, salame, Parmigiano Reggiano DOP e Pecorino. Viene preparata ogni giorno nella nostra Panetteria secondo la ricetta tradizionale.]]></content:encoded>
					
					<wfw:commentRss>/prodotto/casatiello-1-kg/feed/</wfw:commentRss>
			<slash:comments>1</slash:comments>
		
		
			</item>
		<item>
		<title>Torta alle mele 550 g</title>
		<link>/prodotto/torta-alle-mele-550-g/</link>
					<comments>/prodotto/torta-alle-mele-550-g/#respond</comments>
		
		<dc:creator><![CDATA[zidane]]></dc:creator>
		<pubDate>Fri, 24 Mar 2023 14:43:24 +0000</pubDate>
				<guid isPermaLink="false">/?post_type=product#038;p=2154</guid>

					<description><![CDATA[]]></description>
										<content:encoded><![CDATA[]]></content:encoded>
					
					<wfw:commentRss>/prodotto/torta-alle-mele-550-g/feed/</wfw:commentRss>
			<slash:comments>0</slash:comments>
		
		
			</item>
	</channel>
</rss>
