<?xml version="1.0" encoding="UTF-8"?><rss version="2.0"
	xmlns:content="http://purl.org/rss/1.0/modules/content/"
	xmlns:dc="http://purl.org/dc/elements/1.1/"
	xmlns:atom="http://www.w3.org/2005/Atom"
	xmlns:sy="http://purl.org/rss/1.0/modules/syndication/"
	
	>
<channel>
	<title>
	Commenti a: focaccia romana bianca 300 gr	</title>
	<atom:link href="/prodotto/focaccia-romana-bianca-300-gr/feed/" rel="self" type="application/rss+xml" />
	<link>/prodotto/focaccia-romana-bianca-300-gr/</link>
	<description></description>
	<lastBuildDate>Fri, 24 Mar 2023 16:07:29 +0000</lastBuildDate>
	<sy:updatePeriod>
	hourly	</sy:updatePeriod>
	<sy:updateFrequency>
	1	</sy:updateFrequency>
	<generator>https://wordpress.org/?v=6.2</generator>
</channel>
</rss>
