<?xml version="1.0" encoding="UTF-8"?><rss version="2.0"
	xmlns:content="http://purl.org/rss/1.0/modules/content/"
	xmlns:wfw="http://wellformedweb.org/CommentAPI/"
	xmlns:dc="http://purl.org/dc/elements/1.1/"
	xmlns:atom="http://www.w3.org/2005/Atom"
	xmlns:sy="http://purl.org/rss/1.0/modules/syndication/"
	xmlns:slash="http://purl.org/rss/1.0/modules/slash/"
	>

<channel>
	<title>Focacce &#8211; fornace</title>
	<atom:link href="/categoria-prodotto/focacce/feed/" rel="self" type="application/rss+xml" />
	<link>/</link>
	<description></description>
	<lastBuildDate>Fri, 24 Mar 2023 16:07:29 +0000</lastBuildDate>
	<language>it-IT</language>
	<sy:updatePeriod>
	hourly	</sy:updatePeriod>
	<sy:updateFrequency>
	1	</sy:updateFrequency>
	<generator>https://wordpress.org/?v=6.2</generator>
	<item>
		<title>focaccia margherita 180 gr</title>
		<link>/prodotto/focaccia-margherita-180-gr/</link>
					<comments>/prodotto/focaccia-margherita-180-gr/#respond</comments>
		
		<dc:creator><![CDATA[zidane]]></dc:creator>
		<pubDate>Fri, 24 Mar 2023 14:37:43 +0000</pubDate>
				<guid isPermaLink="false">/?post_type=product#038;p=2152</guid>

					<description><![CDATA[]]></description>
										<content:encoded><![CDATA[]]></content:encoded>
					
					<wfw:commentRss>/prodotto/focaccia-margherita-180-gr/feed/</wfw:commentRss>
			<slash:comments>0</slash:comments>
		
		
			</item>
		<item>
		<title>Focaccia barese 530 g</title>
		<link>/prodotto/focaccia-barese-530-g/</link>
					<comments>/prodotto/focaccia-barese-530-g/#respond</comments>
		
		<dc:creator><![CDATA[zidane]]></dc:creator>
		<pubDate>Fri, 24 Mar 2023 14:35:05 +0000</pubDate>
				<guid isPermaLink="false">/?post_type=product#038;p=2150</guid>

					<description><![CDATA[<strong>Focaccia Barese de La Panetteria di Eataly</strong>: la focaccia barese è diventata un simbolo della Puglia e del Made in Italy in tutto il mondo.

Quella di Eataly nasce secondo la ricetta originale e il risultato lo dimostra: saporita, croccante ai bordi e soffice al centro e ricoperta di pomodori.]]></description>
										<content:encoded><![CDATA[<strong>Focaccia Barese de La Panetteria di Eataly</strong>: la focaccia barese è diventata un simbolo della Puglia e del Made in Italy in tutto il mondo.

Quella di Eataly nasce secondo la ricetta originale e il risultato lo dimostra: saporita, croccante ai bordi e soffice al centro e ricoperta di pomodori.]]></content:encoded>
					
					<wfw:commentRss>/prodotto/focaccia-barese-530-g/feed/</wfw:commentRss>
			<slash:comments>0</slash:comments>
		
		
			</item>
		<item>
		<title>focaccia romana bianca 300 gr</title>
		<link>/prodotto/focaccia-romana-bianca-300-gr/</link>
					<comments>/prodotto/focaccia-romana-bianca-300-gr/#respond</comments>
		
		<dc:creator><![CDATA[zidane]]></dc:creator>
		<pubDate>Fri, 24 Mar 2023 14:27:11 +0000</pubDate>
				<guid isPermaLink="false">/?post_type=product#038;p=2148</guid>

					<description><![CDATA[Una vera e propria tipologia di pizza che non si riferisce agli ingredienti con cui è farcita ma alla consistenza. È infatti sottilissima e particolarmente croccante.]]></description>
										<content:encoded><![CDATA[Una vera e propria tipologia di pizza che non si riferisce agli ingredienti con cui è farcita ma alla consistenza. È infatti sottilissima e particolarmente croccante.]]></content:encoded>
					
					<wfw:commentRss>/prodotto/focaccia-romana-bianca-300-gr/feed/</wfw:commentRss>
			<slash:comments>0</slash:comments>
		
		
			</item>
	</channel>
</rss>
