<?xml version="1.0" encoding="UTF-8"?><rss version="2.0"
	xmlns:content="http://purl.org/rss/1.0/modules/content/"
	xmlns:wfw="http://wellformedweb.org/CommentAPI/"
	xmlns:dc="http://purl.org/dc/elements/1.1/"
	xmlns:atom="http://www.w3.org/2005/Atom"
	xmlns:sy="http://purl.org/rss/1.0/modules/syndication/"
	xmlns:slash="http://purl.org/rss/1.0/modules/slash/"
	>

<channel>
	<title>Panini &#8211; fornace</title>
	<atom:link href="/categoria-prodotto/panini/feed/" rel="self" type="application/rss+xml" />
	<link>/</link>
	<description></description>
	<lastBuildDate>Fri, 24 Mar 2023 16:39:20 +0000</lastBuildDate>
	<language>it-IT</language>
	<sy:updatePeriod>
	hourly	</sy:updatePeriod>
	<sy:updateFrequency>
	1	</sy:updateFrequency>
	<generator>https://wordpress.org/?v=6.2</generator>
	<item>
		<title>Baguette 350 gr</title>
		<link>/prodotto/baguette-350-gr/</link>
					<comments>/prodotto/baguette-350-gr/#respond</comments>
		
		<dc:creator><![CDATA[zidane]]></dc:creator>
		<pubDate>Fri, 24 Mar 2023 14:18:26 +0000</pubDate>
				<guid isPermaLink="false">/?post_type=product#038;p=2146</guid>

					<description><![CDATA[<strong>La Baguette de La Panetteria della fornace</strong>, nasce dalla tradizione francese, ma è impastata a mano e sfornata in Italia dalle mani dei nostri panettieri tutti i giorni.]]></description>
										<content:encoded><![CDATA[<strong>La Baguette de La Panetteria della fornace</strong>, nasce dalla tradizione francese, ma è impastata a mano e sfornata in Italia dalle mani dei nostri panettieri tutti i giorni.]]></content:encoded>
					
					<wfw:commentRss>/prodotto/baguette-350-gr/feed/</wfw:commentRss>
			<slash:comments>0</slash:comments>
		
		
			</item>
		<item>
		<title>Pane al farro 450 g</title>
		<link>/prodotto/pane-al-farro-450-g/</link>
					<comments>/prodotto/pane-al-farro-450-g/#respond</comments>
		
		<dc:creator><![CDATA[zidane]]></dc:creator>
		<pubDate>Fri, 24 Mar 2023 14:15:52 +0000</pubDate>
				<guid isPermaLink="false">/?post_type=product#038;p=2144</guid>

					<description><![CDATA[]]></description>
										<content:encoded><![CDATA[]]></content:encoded>
					
					<wfw:commentRss>/prodotto/pane-al-farro-450-g/feed/</wfw:commentRss>
			<slash:comments>0</slash:comments>
		
		
			</item>
		<item>
		<title>Ciabatta 300 gr</title>
		<link>/prodotto/ciabatta-300-gr/</link>
					<comments>/prodotto/ciabatta-300-gr/#respond</comments>
		
		<dc:creator><![CDATA[zidane]]></dc:creator>
		<pubDate>Fri, 24 Mar 2023 14:08:32 +0000</pubDate>
				<guid isPermaLink="false">/?post_type=product#038;p=2142</guid>

					<description><![CDATA[Questo pane profumato è caratterizzato da un impasto molto idratato che rende la mollica particolarmente alveolata e morbida all'interno.]]></description>
										<content:encoded><![CDATA[Questo pane profumato è caratterizzato da un impasto molto idratato che rende la mollica particolarmente alveolata e morbida all'interno.]]></content:encoded>
					
					<wfw:commentRss>/prodotto/ciabatta-300-gr/feed/</wfw:commentRss>
			<slash:comments>0</slash:comments>
		
		
			</item>
		<item>
		<title>Rosetta</title>
		<link>/prodotto/rosetta/</link>
					<comments>/prodotto/rosetta/#respond</comments>
		
		<dc:creator><![CDATA[zidane]]></dc:creator>
		<pubDate>Fri, 24 Mar 2023 01:49:33 +0000</pubDate>
				<guid isPermaLink="false">/?post_type=product#038;p=20</guid>

					<description><![CDATA[Classica rosetta italiana]]></description>
										<content:encoded><![CDATA[<p>La rosetta è un tipo di pane italiano a forma di rosa, caratterizzato da una crosta croccante e una mollica soffice e porosa. È preparata con farina, acqua, lievito, sale e spesso viene arricchita con semi di sesamo o papavero. La forma particolare della rosetta le permette di essere farcita e utilizzata come base per preparare panini e sandwich</p>
]]></content:encoded>
					
					<wfw:commentRss>/prodotto/rosetta/feed/</wfw:commentRss>
			<slash:comments>0</slash:comments>
		
		
			</item>
		<item>
		<title>PANINO ALL&#8217;OLIO</title>
		<link>/prodotto/panino-allolio/</link>
					<comments>/prodotto/panino-allolio/#respond</comments>
		
		<dc:creator><![CDATA[zidane]]></dc:creator>
		<pubDate>Fri, 24 Mar 2023 01:48:14 +0000</pubDate>
				<guid isPermaLink="false">/?post_type=product#038;p=18</guid>

					<description><![CDATA[I panini all&#8217;olio sono un tipo di pane italiano croccante all&#8217;esterno e soffice all&#8217;interno, preparato con farina, olio d&#8217;oliva, acqua, lievito e sale.]]></description>
										<content:encoded><![CDATA[<p>I panini all&#8217;olio sono un tipo di pane italiano croccante all&#8217;esterno e soffice all&#8217;interno, preparato con farina, olio d&#8217;oliva, acqua, lievito e sale.</p>
]]></content:encoded>
					
					<wfw:commentRss>/prodotto/panino-allolio/feed/</wfw:commentRss>
			<slash:comments>0</slash:comments>
		
		
			</item>
	</channel>
</rss>
